horodatage;code_http;duree_ms;serveur
2026-09-17T15:46:38.078;200;14;web1
2026-09-17T15:46:38.309;200;7;web1
2026-09-17T15:46:38.539;200;5;web1
2026-09-17T15:46:38.769;200;5;web1
2026-09-17T15:46:39.001;200;6;web1
2026-09-17T15:46:39.234;200;5;web1
2026-09-17T15:46:39.465;200;5;web1
2026-09-17T15:46:39.697;200;6;web1
2026-09-17T15:46:39.929;200;6;web1
2026-09-17T15:46:40.159;200;5;web1
2026-09-17T15:46:40.391;200;6;web1
2026-09-17T15:46:40.627;200;7;web1
2026-09-17T15:46:40.859;200;5;web1
2026-09-17T15:46:41.090;200;5;web1
2026-09-17T15:46:41.321;200;5;web1
2026-09-17T15:46:41.555;200;6;web1
2026-09-17T15:46:41.789;200;5;web1
2026-09-17T15:46:42.023;200;7;web1
2026-09-17T15:46:42.254;200;5;web1
2026-09-17T15:46:42.485;200;5;web1
2026-09-17T15:46:42.718;200;6;web1
2026-09-17T15:46:42.951;200;6;web1
2026-09-17T15:46:43.182;200;6;web1
2026-09-17T15:46:43.426;200;14;web1
2026-09-17T15:46:43.658;200;6;web1
2026-09-17T15:46:43.890;200;6;web1
2026-09-17T15:46:44.156;200;5;web1
2026-09-17T15:46:44.390;200;7;web1
2026-09-17T15:46:44.637;200;6;web1
2026-09-17T15:46:44.871;200;5;web1
2026-09-17T15:46:45.105;200;5;web1
2026-09-17T15:46:45.338;200;5;web1
2026-09-17T15:46:45.570;200;6;web1
2026-09-17T15:46:45.804;200;6;web1
2026-09-17T15:46:46.037;200;5;web1
2026-09-17T15:46:46.270;200;6;web1
2026-09-17T15:46:46.503;200;8;web1
2026-09-17T15:46:46.733;200;5;web1
2026-09-17T15:46:46.967;200;7;web1
2026-09-17T15:46:47.199;200;5;web1
2026-09-17T15:46:47.433;200;6;web1
2026-09-17T15:46:47.666;200;7;web1
2026-09-17T15:46:47.898;200;6;web1
2026-09-17T15:46:48.130;200;6;web1
2026-09-17T15:46:48.363;200;6;web1
2026-09-17T15:46:48.600;200;5;web1
2026-09-17T15:46:48.840;200;5;web1
2026-09-17T15:46:49.074;200;5;web1
2026-09-17T15:46:49.307;200;6;web1
2026-09-17T15:46:49.539;200;5;web1
2026-09-17T15:46:49.772;200;5;web1
2026-09-17T15:46:50.002;200;5;web1
2026-09-17T15:46:50.236;200;5;web1
2026-09-17T15:46:50.466;200;5;web1
2026-09-17T15:46:50.699;200;6;web1
2026-09-17T15:46:50.931;200;5;web1
2026-09-17T15:46:51.163;200;6;web1
2026-09-17T15:46:51.395;200;5;web1
2026-09-17T15:46:51.627;200;6;web1
2026-09-17T15:46:51.860;200;6;web1
2026-09-17T15:46:52.104;200;6;web1
2026-09-17T15:46:52.337;200;5;web1
2026-09-17T15:46:52.802;200;6;web1
2026-09-17T15:46:53.034;200;6;web1
2026-09-17T15:46:53.267;200;6;web1
2026-09-17T15:46:53.501;200;6;web1
2026-09-17T15:46:53.734;200;5;web1
2026-09-17T15:46:53.966;200;5;web1
2026-09-17T15:46:54.903;200;6;web1
2026-09-17T15:46:55.835;200;5;web1
2026-09-17T15:46:56.075;200;6;web1
2026-09-17T15:46:56.314;200;6;web1
2026-09-17T15:46:56.543;200;5;web1
2026-09-17T15:46:57.474;200;6;web1
2026-09-17T15:46:57.711;200;8;web1
2026-09-17T15:46:57.943;200;5;web1
2026-09-17T15:46:58.177;200;5;web1
2026-09-17T15:46:59.117;200;5;web1
2026-09-17T15:46:59.379;200;6;web1
2026-09-17T15:46:59.622;200;7;web1
2026-09-17T15:46:59.857;200;7;web1
2026-09-17T15:47:00.094;200;6;web1
2026-09-17T15:47:00.329;200;6;web1
2026-09-17T15:47:00.560;200;5;web1
2026-09-17T15:47:00.791;200;5;web1
2026-09-17T15:47:01.024;200;5;web1
2026-09-17T15:47:01.256;200;5;web1
2026-09-17T15:47:01.487;200;5;web1
2026-09-17T15:47:01.725;200;6;web1
2026-09-17T15:47:01.958;200;7;web1
2026-09-17T15:47:02.190;200;6;web1
2026-09-17T15:47:03.130;200;6;web1
2026-09-17T15:47:03.362;200;6;web1
2026-09-17T15:47:03.593;200;5;web1
2026-09-17T15:47:03.827;200;8;web1
2026-09-17T15:47:04.059;200;5;web1
2026-09-17T15:47:04.290;200;5;web1
2026-09-17T15:47:04.522;200;5;web1
2026-09-17T15:47:04.755;200;7;web1
2026-09-17T15:47:04.988;200;6;web1
2026-09-17T15:47:05.219;200;5;web1
2026-09-17T15:47:05.451;200;5;web1
2026-09-17T15:47:05.683;200;7;web1
2026-09-17T15:47:05.921;200;5;web1
2026-09-17T15:47:06.152;200;5;web1
2026-09-17T15:47:06.386;200;6;web1
2026-09-17T15:47:06.619;200;5;web1
2026-09-17T15:47:06.851;200;6;web1
2026-09-17T15:47:07.084;200;5;web1
2026-09-17T15:47:07.322;200;5;web1
2026-09-17T15:47:07.553;200;6;web1
2026-09-17T15:47:07.785;200;5;web1
2026-09-17T15:47:08.020;200;6;web1
2026-09-17T15:47:08.253;200;5;web1
2026-09-17T15:47:08.486;200;5;web1
2026-09-17T15:47:08.719;200;6;web1
2026-09-17T15:47:08.951;200;7;web1
2026-09-17T15:47:09.188;200;6;web1
2026-09-17T15:47:09.440;200;7;web1
2026-09-17T15:47:09.672;200;5;web1
2026-09-17T15:47:09.903;200;5;web1
2026-09-17T15:47:10.138;200;6;web1
2026-09-17T15:47:10.370;200;6;web1
2026-09-17T15:47:10.603;200;6;web1
2026-09-17T15:47:10.839;200;6;web1
2026-09-17T15:47:11.076;200;6;web1
2026-09-17T15:47:11.309;200;5;web1
2026-09-17T15:47:11.542;200;6;web1
2026-09-17T15:47:11.775;200;6;web1
2026-09-17T15:47:12.006;200;5;web1
2026-09-17T15:47:12.238;200;6;web1
2026-09-17T15:47:12.471;200;5;web1
2026-09-17T15:47:12.705;200;5;web1
2026-09-17T15:47:12.934;200;5;web1
2026-09-17T15:47:13.166;200;7;web1
2026-09-17T15:47:13.400;200;6;web1
2026-09-17T15:47:13.633;200;5;web1
2026-09-17T15:47:13.870;200;6;web1
2026-09-17T15:47:14.106;200;8;web1
2026-09-17T15:47:14.336;200;5;web1
2026-09-17T15:47:14.569;200;5;web1
2026-09-17T15:47:14.806;200;5;web1
2026-09-17T15:47:15.039;200;5;web1
2026-09-17T15:47:15.274;200;5;web1
2026-09-17T15:47:15.514;200;5;web1
2026-09-17T15:47:15.746;200;5;web1
2026-09-17T15:47:15.977;200;5;web1
2026-09-17T15:47:16.209;200;6;web1
2026-09-17T15:47:16.443;200;6;web1
2026-09-17T15:47:16.677;200;6;web1
2026-09-17T15:47:16.909;200;5;web1
2026-09-17T15:47:17.142;200;7;web1
2026-09-17T15:47:17.375;200;6;web1
2026-09-17T15:47:17.607;200;6;web1
2026-09-17T15:47:17.838;200;6;web1
2026-09-17T15:47:18.081;200;5;web1
2026-09-17T15:47:18.314;200;6;web1
2026-09-17T15:47:18.544;200;5;web1
2026-09-17T15:47:18.775;200;5;web1
2026-09-17T15:47:19.009;200;5;web1
2026-09-17T15:47:19.243;200;6;web1
2026-09-17T15:47:19.474;200;5;web1
2026-09-17T15:47:19.707;200;6;web1
2026-09-17T15:47:19.938;200;5;web1
2026-09-17T15:47:20.171;200;7;web1
2026-09-17T15:47:20.403;200;5;web1
2026-09-17T15:47:20.637;200;6;web1
2026-09-17T15:47:20.866;200;5;web1
2026-09-17T15:47:21.109;200;6;web1
2026-09-17T15:47:21.341;200;5;web1
2026-09-17T15:47:21.578;200;6;web1
2026-09-17T15:47:21.811;200;7;web1
2026-09-17T15:47:22.043;200;6;web1
2026-09-17T15:47:22.275;200;5;web1
2026-09-17T15:47:22.507;200;5;web1
2026-09-17T15:47:22.741;200;5;web1
2026-09-17T15:47:22.973;200;5;web1
2026-09-17T15:47:23.204;200;5;web1
2026-09-17T15:47:23.436;200;5;web1
2026-09-17T15:47:23.669;200;5;web1
2026-09-17T15:47:23.902;200;6;web1
2026-09-17T15:47:24.134;200;6;web1
2026-09-17T15:47:24.369;200;6;web1
2026-09-17T15:47:24.603;200;6;web1
2026-09-17T15:47:24.835;200;5;web1
2026-09-17T15:47:25.067;200;6;web1
2026-09-17T15:47:25.298;200;6;web1
2026-09-17T15:47:25.530;200;6;web1
2026-09-17T15:47:25.761;200;5;web1
2026-09-17T15:47:25.993;200;5;web1
2026-09-17T15:47:26.226;200;5;web1
2026-09-17T15:47:26.458;200;6;web1
2026-09-17T15:47:26.690;200;6;web1
2026-09-17T15:47:26.921;200;5;web1
2026-09-17T15:47:27.155;200;5;web1
2026-09-17T15:47:27.389;200;5;web1
2026-09-17T15:47:27.623;200;6;web1
2026-09-17T15:47:27.869;200;6;web1
2026-09-17T15:47:28.101;200;5;web1
2026-09-17T15:47:28.333;200;5;web1
2026-09-17T15:47:28.566;200;6;web1
2026-09-17T15:47:28.800;200;5;web1
2026-09-17T15:47:29.031;200;6;web1
2026-09-17T15:47:29.262;200;5;web1
2026-09-17T15:47:29.498;200;8;web1
2026-09-17T15:47:29.730;200;7;web1
2026-09-17T15:47:29.960;200;5;web1
2026-09-17T15:47:30.194;200;5;web1
2026-09-17T15:47:30.427;200;6;web1
2026-09-17T15:47:30.662;200;6;web1
2026-09-17T15:47:30.891;200;5;web1
2026-09-17T15:47:31.126;200;5;web1
2026-09-17T15:47:31.359;200;6;web1
2026-09-17T15:47:31.589;200;7;web1
2026-09-17T15:47:31.820;200;6;web1
2026-09-17T15:47:32.059;200;6;web1
2026-09-17T15:47:32.289;200;6;web1
2026-09-17T15:47:32.520;200;6;web1
2026-09-17T15:47:32.751;200;6;web1
2026-09-17T15:47:32.981;200;5;web1
2026-09-17T15:47:33.211;200;6;web1
2026-09-17T15:47:33.439;200;5;web1
2026-09-17T15:47:33.671;200;6;web1
2026-09-17T15:47:33.902;200;5;web1
2026-09-17T15:47:34.132;200;5;web1
2026-09-17T15:47:34.364;200;6;web1
2026-09-17T15:47:34.607;200;8;web1
2026-09-17T15:47:34.840;200;5;web1
2026-09-17T15:47:35.071;200;5;web1
2026-09-17T15:47:35.303;200;5;web1
2026-09-17T15:47:35.535;200;5;web1
2026-09-17T15:47:35.773;200;5;web1
2026-09-17T15:47:36.007;200;6;web1
2026-09-17T15:47:36.241;200;6;web1
2026-09-17T15:47:36.470;200;5;web1
2026-09-17T15:47:36.702;200;6;web1
2026-09-17T15:47:36.933;200;5;web1
2026-09-17T15:47:37.166;200;6;web1
2026-09-17T15:47:37.396;200;5;web1
2026-09-17T15:47:37.627;200;5;web1
2026-09-17T15:47:37.859;200;5;web1
2026-09-17T15:47:38.089;200;5;web1
2026-09-17T15:47:38.321;200;6;web1
2026-09-17T15:47:38.553;200;6;web1
2026-09-17T15:47:38.787;200;4;web1
2026-09-17T15:47:39.021;200;6;web1
2026-09-17T15:47:39.253;200;5;web1
2026-09-17T15:47:39.485;200;5;web1
2026-09-17T15:47:39.718;200;6;web1
2026-09-17T15:47:39.950;200;6;web1
2026-09-17T15:47:40.181;200;6;web1
2026-09-17T15:47:40.413;200;6;web1
2026-09-17T15:47:40.643;200;5;web1
2026-09-17T15:47:40.876;200;5;web1
2026-09-17T15:47:41.107;200;6;web1
2026-09-17T15:47:41.338;200;5;web1
2026-09-17T15:47:41.571;200;7;web1
2026-09-17T15:47:41.811;200;10;web1
2026-09-17T15:47:42.043;200;5;web1
2026-09-17T15:47:42.275;200;7;web1
2026-09-17T15:47:42.504;200;5;web1
2026-09-17T15:47:42.735;200;5;web1
2026-09-17T15:47:42.966;200;5;web1
2026-09-17T15:47:43.197;200;6;web1
2026-09-17T15:47:43.430;200;5;web1
2026-09-17T15:47:43.662;200;7;web1
2026-09-17T15:47:43.894;200;7;web1
2026-09-17T15:47:44.126;200;6;web1
2026-09-17T15:47:44.357;200;5;web1
2026-09-17T15:47:44.587;200;5;web1
2026-09-17T15:47:44.821;200;6;web1
2026-09-17T15:47:45.052;200;5;web1
2026-09-17T15:47:45.282;200;6;web1
2026-09-17T15:47:45.525;200;7;web1
2026-09-17T15:47:45.757;200;5;web1
2026-09-17T15:47:45.988;200;5;web1
2026-09-17T15:47:46.219;200;5;web1
2026-09-17T15:47:46.451;200;5;web1
2026-09-17T15:47:46.682;200;6;web1
2026-09-17T15:47:46.913;200;6;web1
2026-09-17T15:47:47.145;200;6;web1
2026-09-17T15:47:47.377;200;6;web1
2026-09-17T15:47:47.609;200;6;web1
2026-09-17T15:47:47.839;200;5;web1
2026-09-17T15:47:48.070;200;5;web1
2026-09-17T15:47:48.302;200;5;web1
2026-09-17T15:47:48.533;200;5;web1
2026-09-17T15:47:48.762;200;5;web1
2026-09-17T15:47:48.996;200;8;web1
2026-09-17T15:47:49.227;200;6;web1
2026-09-17T15:47:49.457;200;5;web1
2026-09-17T15:47:49.698;200;5;web1
2026-09-17T15:47:49.933;200;6;web1
2026-09-17T15:47:50.165;200;5;web1
2026-09-17T15:47:50.396;200;5;web1
2026-09-17T15:47:50.632;200;6;web1
2026-09-17T15:47:50.862;200;6;web1
2026-09-17T15:47:51.093;200;6;web1
2026-09-17T15:47:51.324;200;7;web1
2026-09-17T15:47:51.555;200;7;web1
2026-09-17T15:47:51.785;200;6;web1
2026-09-17T15:47:52.015;200;6;web1
2026-09-17T15:47:52.245;200;6;web1
2026-09-17T15:47:52.475;200;6;web1
2026-09-17T15:47:52.713;200;11;web1
2026-09-17T15:47:52.945;200;7;web1
2026-09-17T15:47:53.175;200;6;web1
2026-09-17T15:47:53.406;200;6;web1
2026-09-17T15:47:53.637;200;6;web1
2026-09-17T15:47:53.867;200;5;web1
2026-09-17T15:47:54.097;200;6;web1
2026-09-17T15:47:54.330;200;7;web1
2026-09-17T15:47:54.561;200;7;web1
2026-09-17T15:47:54.794;200;7;web1
2026-09-17T15:47:55.027;200;7;web1
2026-09-17T15:47:55.259;200;5;web1
2026-09-17T15:47:55.490;200;6;web1
2026-09-17T15:47:55.721;200;6;web1
2026-09-17T15:47:55.953;200;5;web1
2026-09-17T15:47:56.185;200;6;web1
2026-09-17T15:47:56.430;200;7;web1
2026-09-17T15:47:56.661;200;5;web1
2026-09-17T15:47:56.893;200;6;web1
2026-09-17T15:47:57.138;200;5;web1
2026-09-17T15:47:57.370;200;5;web1
2026-09-17T15:47:57.614;200;10;web1
2026-09-17T15:47:57.847;200;6;web1
2026-09-17T15:47:58.079;200;6;web1
2026-09-17T15:47:58.311;200;5;web1
2026-09-17T15:47:58.543;200;6;web1
2026-09-17T15:47:58.778;200;5;web1
2026-09-17T15:47:59.009;200;5;web1
2026-09-17T15:47:59.245;200;6;web1
2026-09-17T15:47:59.474;200;5;web1
2026-09-17T15:47:59.706;200;6;web1
2026-09-17T15:47:59.938;200;6;web1
2026-09-17T15:48:00.171;200;6;web1
2026-09-17T15:48:00.404;200;5;web1
2026-09-17T15:48:00.635;200;5;web1
2026-09-17T15:48:00.869;200;6;web1
2026-09-17T15:48:01.102;200;6;web1
2026-09-17T15:48:01.334;200;6;web1
2026-09-17T15:48:01.567;200;6;web1
2026-09-17T15:48:01.810;200;5;web1
2026-09-17T15:48:02.042;200;6;web1
2026-09-17T15:48:02.276;200;7;web1
2026-09-17T15:48:02.507;200;6;web1
2026-09-17T15:48:02.741;200;5;web1
2026-09-17T15:48:02.974;200;6;web1
2026-09-17T15:48:03.206;200;6;web1
2026-09-17T15:48:03.439;200;6;web1
2026-09-17T15:48:03.670;200;5;web1
2026-09-17T15:48:03.903;200;5;web1
2026-09-17T15:48:04.136;200;5;web1
2026-09-17T15:48:04.369;200;5;web1
2026-09-17T15:48:04.602;200;5;web1
2026-09-17T15:48:04.841;200;9;web1
2026-09-17T15:48:05.075;200;6;web1
2026-09-17T15:48:05.309;200;7;web1
2026-09-17T15:48:05.544;200;6;web1
2026-09-17T15:48:05.774;200;5;web1
2026-09-17T15:48:06.006;200;6;web1
2026-09-17T15:48:06.238;200;5;web1
2026-09-17T15:48:06.471;200;6;web1
2026-09-17T15:48:06.702;200;6;web1
2026-09-17T15:48:06.935;200;6;web1
2026-09-17T15:48:07.167;200;5;web1
2026-09-17T15:48:07.411;200;6;web1
2026-09-17T15:48:07.644;200;5;web1
2026-09-17T15:48:07.878;200;5;web1
2026-09-17T15:48:08.111;200;6;web1
2026-09-17T15:48:08.343;200;5;web1
2026-09-17T15:48:08.584;200;11;web1
2026-09-17T15:48:08.813;200;5;web1
2026-09-17T15:48:09.046;200;6;web1
2026-09-17T15:48:09.278;200;6;web1
2026-09-17T15:48:09.510;200;6;web1
2026-09-17T15:48:09.741;200;5;web1
2026-09-17T15:48:09.973;200;5;web1
2026-09-17T15:48:10.205;200;6;web1
2026-09-17T15:48:10.439;200;7;web1
2026-09-17T15:48:10.669;200;6;web1
2026-09-17T15:48:10.900;200;5;web1
2026-09-17T15:48:11.129;200;5;web1
2026-09-17T15:48:11.358;200;5;web1
2026-09-17T15:48:11.597;200;7;web1
2026-09-17T15:48:11.828;200;6;web1
2026-09-17T15:48:12.057;200;5;web1
2026-09-17T15:48:12.290;200;6;web1
2026-09-17T15:48:12.533;200;5;web1
2026-09-17T15:48:12.766;200;6;web1
2026-09-17T15:48:12.998;200;5;web1
2026-09-17T15:48:13.229;200;7;web1
2026-09-17T15:48:13.462;200;6;web1
2026-09-17T15:48:13.695;200;6;web1
2026-09-17T15:48:13.926;200;6;web1
2026-09-17T15:48:14.157;200;7;web1
2026-09-17T15:48:14.387;200;5;web1
2026-09-17T15:48:14.617;200;5;web1
2026-09-17T15:48:14.846;200;5;web1
2026-09-17T15:48:15.080;200;5;web1
2026-09-17T15:48:15.314;200;6;web1
2026-09-17T15:48:15.547;200;7;web1
2026-09-17T15:48:15.786;200;5;web1
2026-09-17T15:48:16.018;200;6;web1
2026-09-17T15:48:16.251;200;6;web1
2026-09-17T15:48:16.483;200;5;web1
2026-09-17T15:48:16.717;200;5;web1
2026-09-17T15:48:16.950;200;7;web1
2026-09-17T15:48:17.183;200;7;web1
2026-09-17T15:48:17.413;200;5;web1
2026-09-17T15:48:17.646;200;6;web1
2026-09-17T15:48:17.880;200;6;web1
2026-09-17T15:48:18.114;200;6;web1
2026-09-17T15:48:18.345;200;5;web1
2026-09-17T15:48:18.579;200;5;web1
2026-09-17T15:48:18.815;200;6;web1
2026-09-17T15:48:19.047;200;5;web1
2026-09-17T15:48:19.278;200;6;web1
2026-09-17T15:48:19.511;200;5;web1
2026-09-17T15:48:19.748;200;5;web1
2026-09-17T15:48:19.981;200;5;web1
2026-09-17T15:48:20.213;200;6;web1
2026-09-17T15:48:20.446;200;6;web1
2026-09-17T15:48:20.682;200;8;web1
2026-09-17T15:48:20.913;200;6;web1
2026-09-17T15:48:21.146;200;6;web1
2026-09-17T15:48:21.376;200;5;web1
2026-09-17T15:48:21.609;200;6;web1
2026-09-17T15:48:21.842;200;6;web1
2026-09-17T15:48:22.075;200;6;web1
2026-09-17T15:48:22.307;200;5;web1
2026-09-17T15:48:22.543;200;5;web1
2026-09-17T15:48:22.775;200;5;web1
2026-09-17T15:48:23.010;200;5;web1
2026-09-17T15:48:25.239;000;2000;?
2026-09-17T15:48:27.470;000;2000;?
2026-09-17T15:48:29.698;000;2000;?
2026-09-17T15:48:31.933;000;2000;?
2026-09-17T15:48:34.160;000;2000;?
2026-09-17T15:48:36.386;000;2000;?
2026-09-17T15:48:37.442;000;2000;?
2026-09-17T15:48:39.669;000;2000;?
2026-09-17T15:48:40.734;000;2000;?
2026-09-17T15:48:42.962;000;2000;?
2026-09-17T15:48:44.029;000;2000;?
2026-09-17T15:48:46.257;000;2000;?
2026-09-17T15:48:47.326;000;2000;?
2026-09-17T15:48:49.556;000;2000;?
2026-09-17T15:48:50.622;000;2000;?
2026-09-17T15:48:52.847;000;2000;?
2026-09-17T15:48:53.917;000;2000;?
2026-09-17T15:48:56.144;000;2000;?
2026-09-17T15:48:57.214;000;2000;?
2026-09-17T15:48:59.441;000;2000;?
2026-09-17T15:49:00.509;000;2000;?
2026-09-17T15:49:02.737;000;2000;?
2026-09-17T15:49:03.805;000;2000;?
2026-09-17T15:49:06.032;000;2000;?
2026-09-17T15:49:07.101;000;2000;?
2026-09-17T15:49:09.328;000;2000;?
2026-09-17T15:49:10.397;000;2000;?
2026-09-17T15:49:12.622;000;2000;?
2026-09-17T15:49:13.693;000;2000;?
2026-09-17T15:49:15.917;000;2000;?
2026-09-17T15:49:16.989;000;2000;?
2026-09-17T15:49:19.217;000;2000;?
2026-09-17T15:49:20.286;000;2000;?
2026-09-17T15:49:22.512;000;2000;?
2026-09-17T15:49:23.579;000;2000;?
2026-09-17T15:49:25.805;000;2000;?
2026-09-17T15:49:26.878;000;2000;?
2026-09-17T15:49:29.105;000;2000;?
2026-09-17T15:49:30.173;000;2000;?
2026-09-17T15:49:32.400;000;2000;?
2026-09-17T15:49:33.470;000;2000;?
2026-09-17T15:49:35.696;000;2000;?
2026-09-17T15:49:36.765;000;2000;?
2026-09-17T15:49:38.993;000;2000;?
2026-09-17T15:49:40.061;000;2000;?
2026-09-17T15:49:42.289;000;2000;?
2026-09-17T15:49:43.356;000;2000;?
2026-09-17T15:49:45.583;000;2000;?
2026-09-17T15:49:46.652;000;2000;?
2026-09-17T15:49:48.877;000;2000;?
2026-09-17T15:49:49.949;000;2000;?
2026-09-17T15:49:52.179;000;2000;?
2026-09-17T15:49:53.241;000;2000;?
2026-09-17T15:49:55.470;000;2000;?
2026-09-17T15:49:56.540;000;2000;?
2026-09-17T15:49:58.766;000;2000;?
2026-09-17T15:49:59.833;000;2000;?
2026-09-17T15:50:02.059;000;2000;?
2026-09-17T15:50:03.127;000;2000;?
2026-09-17T15:50:05.352;000;2000;?
2026-09-17T15:50:06.422;000;2000;?
2026-09-17T15:50:08.648;000;2000;?
2026-09-17T15:50:09.718;000;2000;?
2026-09-17T15:50:11.944;000;2000;?
2026-09-17T15:50:13.013;000;2000;?
2026-09-17T15:50:15.239;000;2000;?
2026-09-17T15:50:16.307;000;2000;?
2026-09-17T15:50:18.534;000;2000;?
2026-09-17T15:50:19.605;000;2000;?
2026-09-17T15:50:21.830;000;2000;?
2026-09-17T15:50:22.898;000;2000;?
2026-09-17T15:50:25.126;000;2000;?
2026-09-17T15:50:26.194;000;2000;?
2026-09-17T15:50:28.421;000;2000;?
2026-09-17T15:50:29.488;000;2000;?
2026-09-17T15:50:31.716;000;2000;?
2026-09-17T15:50:32.784;000;2000;?
2026-09-17T15:50:35.010;000;2000;?
2026-09-17T15:50:36.079;000;2000;?
2026-09-17T15:50:38.306;000;2000;?
2026-09-17T15:50:39.374;000;2000;?
2026-09-17T15:50:41.601;000;2000;?
2026-09-17T15:50:42.667;000;2000;?
2026-09-17T15:47:02.420;200;5;web1
2026-09-17T15:47:02.654;200;5;web1
2026-09-17T15:47:02.898;200;11;web1
2026-09-17T15:46:58.409;200;5;web1
2026-09-17T15:46:58.643;200;8;web1
2026-09-17T15:46:58.880;200;6;web1
2026-09-17T15:46:56.775;200;5;web1
2026-09-17T15:46:57.007;200;5;web1
2026-09-17T15:46:57.238;200;5;web1
2026-09-17T15:46:55.138;200;5;web1
2026-09-17T15:46:55.370;200;5;web1
2026-09-17T15:46:55.602;200;5;web1
2026-09-17T15:46:54.198;200;6;web1
2026-09-17T15:46:54.431;200;6;web1
2026-09-17T15:46:54.661;200;5;web1
